,code,seq_pos,ddg,pdb,count
364,2JIEA-C170A,166,-2.997,2JIEA,51
365,2JIEA-C170Q,166,-2.5810000000000004,2JIEA,51
366,2JIEA-E157D,153,2.075,2JIEA,51
367,2JIEA-E167A,163,-4.247,2JIEA,51
368,2JIEA-E225A,221,4.36,2JIEA,51
369,2JIEA-E225H,221,1.515,2JIEA,51
370,2JIEA-E409A,405,-0.825,2JIEA,51
371,2JIEA-E409D,405,0.909,2JIEA,51
372,2JIEA-E426S,422,-0.87,2JIEA,51
373,2JIEA-F418A,414,0.165,2JIEA,51
374,2JIEA-H104R,100,-1.536,2JIEA,51
375,2JIEA-I247E,243,-1.241,2JIEA,51
376,2JIEA-I247N,243,-0.974,2JIEA,51
377,2JIEA-L174A,170,0.79,2JIEA,51
378,2JIEA-L174R,170,-0.336,2JIEA,51
379,2JIEA-M224A,220,4.098,2JIEA,51
380,2JIEA-M326A,322,1.298,2JIEA,51
381,2JIEA-N166A,162,3.397,2JIEA,51
382,2JIEA-N166C,162,2.964,2JIEA,51
383,2JIEA-N223A,219,0.6709999999999999,2JIEA,51
384,2JIEA-N223G,219,-3.462,2JIEA,51
385,2JIEA-N223H,219,-2.583,2JIEA,51
386,2JIEA-N223R,219,-3.976,2JIEA,51
387,2JIEA-N223Y,219,-5.73,2JIEA,51
388,2JIEA-N296A,292,2.25,2JIEA,51
389,2JIEA-N296C,292,0.017,2JIEA,51
390,2JIEA-N407A,403,-0.464,2JIEA,51
391,2JIEA-N407C,403,-0.143,2JIEA,51
392,2JIEA-Q22S,18,0.209,2JIEA,51
393,2JIEA-R243A,239,0.166,2JIEA,51
394,2JIEA-R243D,239,-0.213,2JIEA,51
395,2JIEA-R243K,239,1.463,2JIEA,51
396,2JIEA-S17A,13,1.246,2JIEA,51
397,2JIEA-S19A,15,-0.951,2JIEA,51
398,2JIEA-S334A,330,1.454,2JIEA,51
399,2JIEA-S403A,399,-0.92,2JIEA,51
400,2JIEA-T18A,14,0.994,2JIEA,51
401,2JIEA-T221A,217,-3.189,2JIEA,51
402,2JIEA-T355A,351,2.9610000000000003,2JIEA,51
403,2JIEA-W123F,119,-2.19,2JIEA,51
404,2JIEA-W123H,119,-1.06,2JIEA,51
405,2JIEA-W328A,324,1.159,2JIEA,51
406,2JIEA-W328C,324,2.664,2JIEA,51
407,2JIEA-W328H,324,2.573,2JIEA,51
408,2JIEA-W328R,324,0.95,2JIEA,51
409,2JIEA-W402C,398,0.36,2JIEA,51
410,2JIEA-W402R,398,-2.615,2JIEA,51
411,2JIEA-W412Y,408,-0.599,2JIEA,51
412,2JIEA-Y21A,17,3.443,2JIEA,51
413,2JIEA-Y297A,293,-1.072,2JIEA,51
414,2JIEA-Y297F,293,1.853,2JIEA,51
