epoch,train_db_s157479_rmse,train_db_s157479_mae,train_db_s157479_corr,val_db_s1082_rmse,val_db_s1082_mae,val_db_s1082_corr,test_db_s669_rmse,test_db_ssym_rmse,test_db_s669_mae,test_db_ssym_mae,test_db_s669_corr,test_db_ssym_corr
1,0.540221,0.35983312,0.8638729,1.8700294,1.2339343,0.40978673,1.459931,1.4614781,1.0125525,1.0477585,0.4968006,0.49369606
2,0.3639588,0.24721526,0.9402173,1.8620663,1.2253039,0.41561228,1.4627746,1.4537947,1.012663,1.0440501,0.49349752,0.5089523
3,0.3106477,0.21009144,0.9568094,1.8688477,1.2337404,0.41668746,1.4748868,1.4650948,1.0279566,1.0490791,0.48955306,0.50205976
4,0.2740776,0.18437771,0.9665436,1.8731272,1.2443352,0.41658568,1.476707,1.4727336,1.0278224,1.0576278,0.49179572,0.5196461
5,0.24848685,0.16709013,0.97258526,1.8813177,1.2545929,0.4115507,1.485446,1.4700977,1.0368727,1.0606171,0.48224026,0.52795523
6,0.22659476,0.1526158,0.9772577,1.8717356,1.2411664,0.41801012,1.4785914,1.4761395,1.0310289,1.0590549,0.4837034,0.5007905
7,0.2099358,0.1415937,0.98051065,1.8872896,1.2593509,0.41616422,1.4971251,1.4987875,1.052435,1.0791429,0.48254725,0.5047452
